id	text	category	priority	website	logo
1	24seven	Frame manufacturer	0		
2	3M	Frame manufacturer	0		
3	3T	Frame manufacturer	0		
4	3rd Eye	Frame manufacturer	0		
5	45North	Frame manufacturer	0		
6	4ZA	Frame manufacturer	0		
7	A-Class	Frame manufacturer	0		
8	A-bike	Frame manufacturer	0		
9	ABI	Frame manufacturer	0		
10	ACS	Frame manufacturer	0		
11	ALAN	Frame manufacturer	0		
12	AMF	Frame manufacturer	0		
13	Aardvark	Frame manufacturer	0		
14	Abici	Frame manufacturer	0		
15	Abus	Frame manufacturer	2		
16	Accelerade	Frame manufacturer	0		
17	Accell	Frame manufacturer	0		
18	Access	Frame manufacturer	0		
19	Acros	Frame manufacturer	0		
20	Adolphe Clément	Frame manufacturer	0		
21	Adventure Medical Kits	Frame manufacturer	0		
22	Aerofix Cycles	Frame manufacturer	0		
23	AheadSet	Frame manufacturer	0		
24	Aist Bicycles	Frame manufacturer	0		
25	Aladdin	Frame manufacturer	0		
26	Alcyon	Frame manufacturer	0		
27	Alex	Frame manufacturer	0		
28	Alexander Leutner & Co.	Frame manufacturer	0		
29	Alien Bikes	Frame manufacturer	0		
30	Alienation	Frame manufacturer	1		
31	Alite Designs	Frame manufacturer	0		
32	All City	Frame manufacturer	0		
33	Alldays & Onions	Frame manufacturer	0		
34	American Bicycle Company	Frame manufacturer	0		
35	American Classic	Frame manufacturer	1		
36	American Machine and Foundry	Frame manufacturer	0		
37	American Star Bicycle	Frame manufacturer	0		
38	And	Frame manufacturer	0		
39	Andiamo	Frame manufacturer	0		
40	Answer BMX	Frame manufacturer	0		
41	Answer Products	Frame manufacturer	0		
42	Apollo	Frame manufacturer	0		
43	Aqua Sphere	Frame manufacturer	0		
44	Aquamira	Frame manufacturer	0		
45	Arai	Frame manufacturer	0		
46	Argon 18	Frame manufacturer	0		
47	Asama	Frame manufacturer	0		
48	Asda	Frame manufacturer	0		
49	Assos	Frame manufacturer	0		
50	Atala	Frame manufacturer	0		
51	Atomlab	Frame manufacturer	0		
52	Author	Frame manufacturer	0		
53	Avanti	Frame manufacturer	0		
54	Aventón	Frame manufacturer	0		
55	Avid	Frame manufacturer	0		
56	Axiom	Frame manufacturer	0		
57	Axle Release	Frame manufacturer	0		
58	Aztec	Frame manufacturer	0		
59	Azzuri	Frame manufacturer	0		
60	BCA	Frame manufacturer	0		
61	BMC	Frame manufacturer	0		
62	BOB	Frame manufacturer	0		
63	BONT	Frame manufacturer	0		
64	BOX	Frame manufacturer	0		
65	BSD	Frame manufacturer	0		
66	BULLITT	Frame manufacturer	0		
67	Bacchetta	Frame manufacturer	0		
68	Backpacker's Pantry	Frame manufacturer	0		
69	Backward Circle	Frame manufacturer	0		
70	Bahco	Frame manufacturer	0		
71	Bailey	Frame manufacturer	0		
72	Baladeo	Frame manufacturer	1		
73	Banjo Brothers	Frame manufacturer	0		
74	Banshee bikes	Frame manufacturer	0		
75	Bar Mitts	Frame manufacturer	0		
76	Basso	Frame manufacturer	0		
77	Batavus	Frame manufacturer	1		
78	BeOne	Frame manufacturer	0		
79	Beater Bikes	Frame manufacturer	0		
80	Beistegui Hermanos	Frame manufacturer	0		
81	Bellwether	Frame manufacturer	0		
82	Bergamont	Frame manufacturer	0		
83	Bertucci	Frame manufacturer	0		
84	Bianchi	Frame manufacturer	0		
85	Bickerton	Frame manufacturer	0		
86	Bicycle Research	Frame manufacturer	0		
87	Big Agnes Inc	Frame manufacturer	0		
88	Bike Fit Systems	Frame manufacturer	0		
89	Bike Friday	Frame manufacturer	0		
90	Bike Mielec	Frame manufacturer	0		
91	Bike Ribbon	Frame manufacturer	0		
92	Bike-Aid	Frame manufacturer	0		
93	Bike-Eye	Frame manufacturer	0		
94	Bike-O-Vision	Frame manufacturer	0		
95	BikeE recumbents	Frame manufacturer	0		
96	Bikes Belong	Frame manufacturer	0		
97	Bikeverywhere	Frame manufacturer	0		
98	Bilenky Cycle Works	Frame manufacturer	0		
99	Biomega	Frame manufacturer	0		
100	BionX	Frame manufacturer	0		
101	Birdy	Frame manufacturer	0		
102	Biria	Frame manufacturer	0		
103	Birmingham Small Arms Company	Frame manufacturer	0		
104	Black Diamond	Frame manufacturer	0		
105	Black Market	Frame manufacturer	2		
106	Black Sheep Bikes	Frame manufacturer	0		
107	Boardman Bikes	Frame manufacturer	0		
108	Bobbin	Frame manufacturer	0		
109	BodyGlide	Frame manufacturer	0		
110	Boeshield	Frame manufacturer	0		
111	Bohemian Bicycles	Frame manufacturer	0		
112	Bondhus	Frame manufacturer	0		
113	Bonk Breaker	Frame manufacturer	0		
114	Boreas Gear	Frame manufacturer	0		
115	Borile	Frame manufacturer	0		
116	Bottecchia	Frame manufacturer	0		
117	Boulder Bicycles	Frame manufacturer	0		
118	Bradbury Motor Cycles	Frame manufacturer	0		
119	Brannock Device Co	Frame manufacturer	0		
120	Brasil & Movimento	Frame manufacturer	0		
121	Brave Soldier	Frame manufacturer	1		
122	Breezer	Frame manufacturer	0		
123	Breezer Bikes	Frame manufacturer	0		
124	Brennabor	Frame manufacturer	0		
125	Bridgestone	Frame manufacturer	0		
126	British Eagle	Frame manufacturer	0		
127	Brompton Bicycle	Frame manufacturer	0		
128	Brooklyn Bicycle Co.	Frame manufacturer	0		
129	Brooks England LTD.	Frame manufacturer	0		
130	Brunswick Corporation	Frame manufacturer	0		
131	Brush Research	Frame manufacturer	0		
132	Buff	Frame manufacturer	0		
133	Burley	Frame manufacturer	0		
134	Burley Design	Frame manufacturer	0		
135	Bushnell	Frame manufacturer	0		
136	Buzzy's	Frame manufacturer	0		
137	CCM	Frame manufacturer	0		
138	CDI Torque Products	Frame manufacturer	0		
139	CHUMBA Racing	Frame manufacturer	0		
140	CRUD	Frame manufacturer	0		
141	CST	Frame manufacturer	0		
142	CVLN (Civilian)	Frame manufacturer	0		
143	CX Tape	Frame manufacturer	0		
144	Caffelatex	Frame manufacturer	0		
145	Calcott Brothers	Frame manufacturer	0		
146	Calfee Design	Frame manufacturer	0		
147	California Springs	Frame manufacturer	0		
148	Caloi	Frame manufacturer	0		
149	Camelbak	Frame manufacturer	0		
150	Camillus	Frame manufacturer	0		
151	Campagnolo	Frame manufacturer	0		
152	Campion Cycle Company	Frame manufacturer	0		
153	Cane Creek	Frame manufacturer	0		
154	Cannondale	Frame manufacturer	0		
155	Canyon bicycles	Frame manufacturer	0		
156	Carmichael Training Systems	Frame manufacturer	0		
157	Carrera bicycles	Frame manufacturer	0		
158	CatEye	Frame manufacturer	0		
159	Catrike	Frame manufacturer	1		
160	Centurion	Frame manufacturer	0		
161	CeramicSpeed	Frame manufacturer	0		
162	Cervélo	Frame manufacturer	0		
163	Chadwick	Frame manufacturer	0		
164	Challenge	Frame manufacturer	0		
165	Charge	Frame manufacturer	0		
166	Chase	Frame manufacturer	0		
167	Chater-Lea	Frame manufacturer	0		
168	Chicago Bicycle Company	Frame manufacturer	0		
169	Chris King	Frame manufacturer	0		
170	Chromag	Frame manufacturer	0		
171	Cignal	Frame manufacturer	0		
172	Cilo	Frame manufacturer	0		
173	Cinelli	Frame manufacturer	0		
174	Citizen Bike	Frame manufacturer	0		
175	City Bicycles Company	Frame manufacturer	0		
176	Civia	Frame manufacturer	0		
177	Clark-Kent	Frame manufacturer	0		
178	Claud Butler	Frame manufacturer	0		
179	Clean Bottle	Frame manufacturer	0		
180	Clement	Frame manufacturer	0		
181	Cloud Nine	Frame manufacturer	0		
182	Club Roost	Frame manufacturer	0		
183	Co-Motion Cycles	Frame manufacturer	0		
184	Coker Tire	Frame manufacturer	0		
185	Colnago	Frame manufacturer	0		
186	Competition Cycles Services	Frame manufacturer	0		
187	Condor	Frame manufacturer	0		
188	Conor	Frame manufacturer	0		
189	Continental	Frame manufacturer	0		
190	Contour Sport	Frame manufacturer	0		
191	Cook Bros. Racing	Frame manufacturer	0		
192	Cooper Bikes	Frame manufacturer	0		
193	Corima	Frame manufacturer	0		
194	Cortina Cycles	Frame manufacturer	0		
195	Craft	Frame manufacturer	0		
196	Crank Brothers	Frame manufacturer	0		
197	Crazy Creek	Frame manufacturer	0		
198	Create	Frame manufacturer	1		
199	Crescent Moon	Frame manufacturer	0		
200	Critical Cycles	Frame manufacturer	0		
201	Cube	Frame manufacturer	0		
202	CueClip	Frame manufacturer	0		
203	Cult	Frame manufacturer	0		
204	Currys	Frame manufacturer	0		
205	Cycle Dog	Frame manufacturer	0		
206	Cycle Force Group	Frame manufacturer	0		
207	Cycle Stuff	Frame manufacturer	0		
208	CycleAware	Frame manufacturer	0		
209	CycleOps	Frame manufacturer	0		
210	CyclePro	Frame manufacturer	0		
211	Cycles Devinci	Frame manufacturer	0		
212	Cycles Follis	Frame manufacturer	0		
213	Cycleurope	Frame manufacturer	0		
214	Cyclo	Frame manufacturer	1		
215	Cycloc	Frame manufacturer	0		
216	Cyfac	Frame manufacturer	0		
217	CygoLite	Frame manufacturer	0		
218	Cytosport	Frame manufacturer	0		
219	DAJO	Frame manufacturer	0		
220	DIG BMX	Frame manufacturer	0		
221	DMR Bikes	Frame manufacturer	0		
222	DNP	Frame manufacturer	0		
223	DT Swiss	Frame manufacturer	0		
224	DZ Nuts	Frame manufacturer	0		
225	Da Bomb Bikes	Frame manufacturer	0		
226	Dahon	Frame manufacturer	0		
227	Dawes Cycles	Frame manufacturer	2		
228	De Rosa	Frame manufacturer	0		
229	DeBernardi	Frame manufacturer	0		
230	DeFeet	Frame manufacturer	0		
231	Deco	Frame manufacturer	0		
232	Deda Elementi	Frame manufacturer	0		
233	Deity	Frame manufacturer	0		
234	Delta	Frame manufacturer	0		
235	Deluxe	Frame manufacturer	0		
236	Demolition	Frame manufacturer	0		
237	Den Beste Sykkel	Frame manufacturer	0		
238	Derby Cycle	Frame manufacturer	0		
239	Dermatone	Frame manufacturer	0		
240	Dero	Frame manufacturer	0		
241	Deuter	Frame manufacturer	0		
242	Di Blasi Industriale	Frame manufacturer	1		
243	Dia-Compe	Frame manufacturer	0		
244	DiaTech	Frame manufacturer	0		
245	Diamant	Frame manufacturer	0		
246	Diamondback	Frame manufacturer	0		
247	Dicta	Frame manufacturer	0		
248	Dimension	Frame manufacturer	0		
249	Discwing	Frame manufacturer	0		
250	Doberman	Frame manufacturer	0		
251	Dodici Milano	Frame manufacturer	0		
252	Dolan	Frame manufacturer	0		
253	Dorel Industries	Frame manufacturer	0		
254	Dual Eyewear	Frame manufacturer	0		
255	Dualco	Frame manufacturer	0		
256	Dunelt Motorcycles	Frame manufacturer	0		
257	Dynacraft BSC	Frame manufacturer	0		
258	Dyno	Frame manufacturer	0		
259	E-Case	Frame manufacturer	0		
260	E. C. Stearns Bicycle Agency	Frame manufacturer	0		
261	EBC	Frame manufacturer	0		
262	EK USA	Frame manufacturer	0		
263	ENVE Composites	Frame manufacturer	0		
264	ESI	Frame manufacturer	0		
265	EVS Sports	Frame manufacturer	0		
266	Eagle Bicycle Manufacturing Company manufacturing-company	Frame manufacturer	0		
267	Eagles Nest Outfitters	Frame manufacturer	0		
268	East Germany	Frame manufacturer	0		
269	Eastern	Frame manufacturer	0		
270	Ebisu	Frame manufacturer	0		
271	Eddy Merckx	Frame manufacturer	0		
272	Edinburgh Bicycle Co-operative operative	Frame manufacturer	0		
273	EighthInch	Frame manufacturer	0		
274	Electra Bicycle Company	Frame manufacturer	0		
275	Elevn Technologies	Frame manufacturer	1		
276	Elite SRL	Frame manufacturer	0		
277	Ellis Briggs	Frame manufacturer	0		
278	Ellsworth Handcrafted Bicycles bicycles	Frame manufacturer	0		
279	Emilio Bozzi	Frame manufacturer	0		
280	Endurance Films	Frame manufacturer	0		
281	Enduro	Frame manufacturer	0		
282	Endurox	Frame manufacturer	0		
283	Energizer	Frame manufacturer	1		
284	Enigma Titanium	Frame manufacturer	0		
285	Epic	Frame manufacturer	0		
286	Ergon	Frame manufacturer	0		
287	Esbit	Frame manufacturer	0		
288	Euro Asia Imports (EAI)	Frame manufacturer	0		
289	Europa	Frame manufacturer	0		
290	Eveready	Frame manufacturer	0		
291	Evil	Frame manufacturer	0		
292	Excelsior Motor Company	Frame manufacturer	0		
293	Excess Components	Frame manufacturer	0		
294	Exustar	Frame manufacturer	0		
295	FBM	Frame manufacturer	0		
296	FSA (Full Speed Ahead)	Frame manufacturer	1		
297	Failure	Frame manufacturer	0		
298	Fairdale	Frame manufacturer	0		
299	Falcon	Frame manufacturer	0		
300	Falcon Cycles	Frame manufacturer	0		
301	Fast Wax	Frame manufacturer	0		
302	Fat City Cycles	Frame manufacturer	0		
303	Fatback	Frame manufacturer	0		
304	Federal	Frame manufacturer	0		
305	Felt	Frame manufacturer	0		
306	FiberFix	Frame manufacturer	0		
307	Fiction	Frame manufacturer	0		
308	Field	Frame manufacturer	0		
309	Finish Line	Frame manufacturer	0		
310	Finite	Frame manufacturer	0		
311	Firenze	Frame manufacturer	0		
312	Firmstrong	Frame manufacturer	0		
313	First Endurance	Frame manufacturer	0		
314	Fit bike Co.	Frame manufacturer	0		
315	Fizik	Frame manufacturer	0		
316	Fleet Velo	Frame manufacturer	1		
317	Fleetwing	Frame manufacturer	0		
318	Flybikes	Frame manufacturer	0		
319	Flying Pigeon	Frame manufacturer	0		
320	Flying Scot	Frame manufacturer	0		
321	Focale44	Frame manufacturer	0		
322	Focus	Frame manufacturer	0		
323	Foggle	Frame manufacturer	0		
324	Fokhan	Frame manufacturer	0		
325	Folmer & Schwing	Frame manufacturer	0		
326	Fondriest	Frame manufacturer	0		
327	Forge Bikes	Frame manufacturer	0		
328	Formula	Frame manufacturer	0		
329	Foundry Cycles	Frame manufacturer	0		
330	Fox Racing	Frame manufacturer	0		
331	Fram	Frame manufacturer	0		
332	Freddie Grubb	Frame manufacturer	0		
333	Free Agent	Frame manufacturer	0		
334	Freedom	Frame manufacturer	0		
335	Freeload	Frame manufacturer	0		
336	FuelBelt	Frame manufacturer	0		
337	Fuji	Frame manufacturer	0		
338	Fulcrum	Frame manufacturer	0		
339	Fyxation	Frame manufacturer	0		
340	G Sport	Frame manufacturer	0		
341	G-Form	Frame manufacturer	0		
342	GT Bicycles	Frame manufacturer	0		
343	GU	Frame manufacturer	0		
344	Gamut	Frame manufacturer	0		
345	Gardin	Frame manufacturer	0		
346	Garmin	Frame manufacturer	0		
347	Gary Fisher	Frame manufacturer	0		
348	Gary Klein	Frame manufacturer	0		
349	Gates Carbon Drive	Frame manufacturer	0		
350	Gateway	Frame manufacturer	0		
351	Gazelle	Frame manufacturer	1		
352	Gear Aid	Frame manufacturer	0		
353	Gear Clamp	Frame manufacturer	0		
354	Gear Up	Frame manufacturer	0		
355	Geax	Frame manufacturer	0		
356	Gendron Bicycles	Frame manufacturer	0		
357	Genuine Innovations	Frame manufacturer	0		
358	Gepida	Frame manufacturer	0		
359	Giant	Frame manufacturer	0		
360	Gibbon Slacklines	Frame manufacturer	0		
361	Gitane	Frame manufacturer	0		
362	Glacier Glove	Frame manufacturer	0		
363	Gladiator Cycle Company	Frame manufacturer	0		
364	Globe	Frame manufacturer	0		
365	Gnome et Rhône	Frame manufacturer	0		
366	GoGirl	Frame manufacturer	0		
367	Gore	Frame manufacturer	0		
368	Gormully & Jeffery	Frame manufacturer	0		
369	Grab On	Frame manufacturer	0		
370	Grabber	Frame manufacturer	0		
371	Graber	Frame manufacturer	0		
372	Graflex	Frame manufacturer	0		
373	Granite Gear	Frame manufacturer	0		
374	Gravity	Frame manufacturer	0		
375	Greenfield	Frame manufacturer	0		
376	Greenspeed	Frame manufacturer	0		
377	Guerciotti	Frame manufacturer	0		
378	Gunnar	Frame manufacturer	0		
379	Guyot Designs	Frame manufacturer	0		
380	H Plus Son	Frame manufacturer	0		
381	HED	Frame manufacturer	0		
382	Halo	Frame manufacturer	0		
383	Hammer Nutrition	Frame manufacturer	0		
384	Handsome Cycles	Frame manufacturer	0		
385	Handspun	Frame manufacturer	0		
386	Haro	Frame manufacturer	0		
387	Harry Quinn	Frame manufacturer	0		
388	Harvey Cycle Works	Frame manufacturer	0		
389	Hase bikes	Frame manufacturer	0		
390	Hayes	Frame manufacturer	0		
391	Head	Frame manufacturer	0		
392	Headsweats	Frame manufacturer	0		
393	Heinkel	Frame manufacturer	0		
394	Helkama	Frame manufacturer	1		
395	Hercules Cycle and Motor Company company	Frame manufacturer	0		
396	Hercules Fahrrad GmbH & Co	Frame manufacturer	0		
397	Heritage	Frame manufacturer	0		
398	Hero Cycles Ltd	Frame manufacturer	0		
399	Hetchins	Frame manufacturer	0		
400	High Gear	Frame manufacturer	0		
401	Highland	Frame manufacturer	0		
402	Hillman	Frame manufacturer	0		
403	Hirzl	Frame manufacturer	0		
404	Hobson	Frame manufacturer	0		
405	Hoffman	Frame manufacturer	0		
406	Holdsworth	Frame manufacturer	0		
407	Honey Stinger	Frame manufacturer	0		
408	Hope	Frame manufacturer	0		
409	House of Talents	Frame manufacturer	1		
410	Hozan	Frame manufacturer	0		
411	HubBub	Frame manufacturer	0		
412	Hudz	Frame manufacturer	0		
413	Huffy	Frame manufacturer	0		
414	Humangear	Frame manufacturer	0		
415	Humber	Frame manufacturer	0		
416	Humble Frameworks	Frame manufacturer	0		
417	Hunter	Frame manufacturer	0		
418	Hurricane Components	Frame manufacturer	0		
419	Hurtu	Frame manufacturer	0		
420	Husqvarna Motorcycles	Frame manufacturer	0		
421	Hutchinson	Frame manufacturer	0		
422	Hyalite Equipment	Frame manufacturer	0		
423	Hydrapak	Frame manufacturer	0		
424	IBEX	Frame manufacturer	0		
425	IMBA	Frame manufacturer	0		
426	IRO Cycles	Frame manufacturer	0		
427	ISM	Frame manufacturer	0		
428	Ibis	Frame manufacturer	0		
429	Ice Trekkers	Frame manufacturer	0		
430	IceToolz	Frame manufacturer	0		
431	Ideal Bikes	Frame manufacturer	0		
432	Identiti	Frame manufacturer	0		
433	Incredibell	Frame manufacturer	0		
434	Independent Fabrication	Frame manufacturer	0		
435	Industrieverband Fahrzeugbau	Frame manufacturer	0		
436	Industry Nine	Frame manufacturer	0		
437	Infini	Frame manufacturer	0		
438	Innova	Frame manufacturer	0		
439	Intense	Frame manufacturer	0		
440	Iride Bicycles	Frame manufacturer	0		
441	Iron Horse Bicycles	Frame manufacturer	0		
442	Isla	Frame manufacturer	0		
443	Issimo Designs	Frame manufacturer	0		
444	Italvega	Frame manufacturer	0		
445	Itera plastic bicycle	Frame manufacturer	0		
446	Iver Johnson	Frame manufacturer	0		
447	Iverson	Frame manufacturer	0		
448	JMC Bicycles	Frame manufacturer	0		
449	JP Weigle's	Frame manufacturer	0		
450	Jagwire	Frame manufacturer	0		
451	Jamis	Frame manufacturer	2		
452	Jandd	Frame manufacturer	0		
453	Jelly Belly	Frame manufacturer	0		
454	JetBoil	Frame manufacturer	0		
455	Jittery Joe's	Frame manufacturer	0		
456	John Cherry bicycles	Frame manufacturer	0		
457	John Deere 	Frame manufacturer	0		
458	K-Edge	Frame manufacturer	0		
459	K2 Sports	Frame manufacturer	0		
460	KBC	Frame manufacturer	0		
461	KHS Bicycles	Frame manufacturer	0		
462	KMC	Frame manufacturer	1		
463	KS	Frame manufacturer	0		
464	KT Tape	Frame manufacturer	0		
465	KTM	Frame manufacturer	0		
466	KW Bicycle	Frame manufacturer	0		
467	Kalkhoff	Frame manufacturer	0		
468	Kalloy	Frame manufacturer	1		
469	Katadyn	Frame manufacturer	1		
470	Kazam	Frame manufacturer	0		
471	Keith Bontrager	Frame manufacturer	0		
472	Kenda	Frame manufacturer	0		
473	Kent International Inc	Frame manufacturer	0		
474	Kestrel USA	Frame manufacturer	0		
475	Kettler	Frame manufacturer	0		
476	Kia Motors	Frame manufacturer	0		
477	Kind Bar	Frame manufacturer	0		
478	Kinesis	Frame manufacturer	0		
479	Kinesis Industry	Frame manufacturer	0		
480	Kinetic	Frame manufacturer	0		
481	Kinetic Koffee	Frame manufacturer	0		
482	Kink	Frame manufacturer	0		
483	Kish Fabrication	Frame manufacturer	0		
484	Kiss My Face	Frame manufacturer	0		
485	Klean Kanteen	Frame manufacturer	0		
486	Klein Bikes	Frame manufacturer	0		
487	Knog	Frame manufacturer	0		
488	Koga-Miyata	Frame manufacturer	0		
489	Kogswell Cycles	Frame manufacturer	0		
490	Kona	Frame manufacturer	1		
491	Kool Kovers	Frame manufacturer	0		
492	Kool-Stop	Frame manufacturer	0		
493	Kreitler	Frame manufacturer	0		
494	Kronan	Frame manufacturer	0		
495	Kross SA	Frame manufacturer	0		
496	Kryptonite	Frame manufacturer	0		
497	Kuat	Frame manufacturer	0		
498	Kuota	Frame manufacturer	0		
499	Kuwahara	Frame manufacturer	0		
500	LOW//	Frame manufacturer	0		
501	Lapierre	Frame manufacturer	0		
502	Laurin & Klement	Frame manufacturer	0		
503	Lazer	Frame manufacturer	0		
504	LeMond Racing Cycles	Frame manufacturer	0		
505	Leader Bikes	Frame manufacturer	0		
506	Leg Lube	Frame manufacturer	0		
507	Legacy Frameworks	Frame manufacturer	0		
508	Lezyne	Frame manufacturer	0		
509	Light My Fire	Frame manufacturer	0		
510	Light and Motion	Frame manufacturer	0		
511	Lightning Cycle Dynamics	Frame manufacturer	1		
512	Linus	Frame manufacturer	0		
513	Litespeed	Frame manufacturer	0		
514	Lizard Skins	Frame manufacturer	0		
515	Loctite	Frame manufacturer	0		
516	Loekie	Frame manufacturer	0		
517	Loekie 	Frame manufacturer	0		
518	Lonely Planet	Frame manufacturer	1		
519	Look	Frame manufacturer	0		
520	Lotus	Frame manufacturer	0		
521	Louis Garneau	Frame manufacturer	0		
522	Louison Bobet	Frame manufacturer	0		
523	Lycoming Engines	Frame manufacturer	0		
524	Lynskey	Frame manufacturer	0		
525	M Essentials	Frame manufacturer	0		
526	MKS	Frame manufacturer	0		
527	MRP	Frame manufacturer	0		
528	MSR	Frame manufacturer	0		
529	MTI Adventurewear	Frame manufacturer	0		
530	Magellan	Frame manufacturer	0		
531	Magna	Frame manufacturer	0		
532	Malvern Star	Frame manufacturer	0		
533	ManKind	Frame manufacturer	0		
534	Manhattan	Frame manufacturer	0		
535	Manitou	Frame manufacturer	0		
536	Maraton	Frame manufacturer	0		
537	Marin Bikes	Frame manufacturer	0		
538	Marson	Frame manufacturer	0		
539	Maruishi	Frame manufacturer	0		
540	Marzocchi	Frame manufacturer	0		
541	Masi	Frame manufacturer	0		
542	Master Lock	Frame manufacturer	0		
543	Matchless	Frame manufacturer	0		
544	Matra	Frame manufacturer	0		
545	Mavic	Frame manufacturer	0		
546	Maxit	Frame manufacturer	0		
547	Maxxis	Frame manufacturer	0		
548	Mechanical Threads	Frame manufacturer	0		
549	Meiser	Frame manufacturer	0		
550	Melon Bicycles	Frame manufacturer	0		
551	Mercian Cycles	Frame manufacturer	0		
552	Mercier	Frame manufacturer	0		
553	Merida Bikes	Frame manufacturer	0		
554	Merlin	Frame manufacturer	0		
555	Merrell	Frame manufacturer	0		
556	MetaBikes	Frame manufacturer	0		
557	Metric Hardware	Frame manufacturer	0		
558	Micajah C. Henley	Frame manufacturer	0		
559	Miche	Frame manufacturer	1		
560	Michelin	Frame manufacturer	0		
561	MicroShift	Frame manufacturer	0		
562	Miele bicycles	Frame manufacturer	0		
563	Milwaukee Bicycle Co.	Frame manufacturer	0		
564	Minoura	Frame manufacturer	0		
565	MirraCo 	Frame manufacturer	0		
566	Mirrycle	Frame manufacturer	0		
567	Mission Bicycles	Frame manufacturer	0		
568	Miyata	Frame manufacturer	0		
569	Monark	Frame manufacturer	0		
570	Mondia	Frame manufacturer	0		
571	Mongoose	Frame manufacturer	0		
572	Montague	Frame manufacturer	0		
573	Montague Bicycles	Frame manufacturer	0		
574	Moots Cycles	Frame manufacturer	0		
575	Mophie	Frame manufacturer	0		
576	Moser Cicli	Frame manufacturer	1		
577	Motiv	Frame manufacturer	0		
578	Motobecane	Frame manufacturer	0		
579	Moulden	Frame manufacturer	0		
580	Moulton Bicycle	Frame manufacturer	0		
581	Mountainsmith	Frame manufacturer	0		
582	Mr. Tuffy	Frame manufacturer	1		
583	Muddy Fox	Frame manufacturer	0		
584	Murray	Frame manufacturer	0		
585	Mutant Bikes	Frame manufacturer	0		
586	Mutiny	Frame manufacturer	0		
587	N Gear	Frame manufacturer	0		
588	NEMO	Frame manufacturer	0		
589	NS Bikes	Frame manufacturer	0		
590	NSU Motorenwerke	Frame manufacturer	0		
591	Nalgene	Frame manufacturer	0		
592	Nantucket Bike Basket Company	Frame manufacturer	0		
593	Nashbar	Frame manufacturer	0		
594	Nathan	Frame manufacturer	0		
595	National	Frame manufacturer	0		
596	Native	Frame manufacturer	0		
597	Neil Pryde	Frame manufacturer	0		
598	Nema	Frame manufacturer	0		
599	Neobike	Frame manufacturer	0		
600	New Albion	Frame manufacturer	0		
601	New Balance	Frame manufacturer	0		
602	Next	Frame manufacturer	0		
603	Niner	Frame manufacturer	0		
604	Nishiki	Frame manufacturer	0		
605	Nite Ize	Frame manufacturer	0		
606	NiteRider	Frame manufacturer	0		
607	Nitto	Frame manufacturer	0		
608	Nokon	Frame manufacturer	0		
609	Norco Performance Bikes	Frame manufacturer	1		
610	Norman Cycles	Frame manufacturer	0		
611	North Shore Billet	Frame manufacturer	0		
612	Northrock	Frame manufacturer	0		
613	Novara	Frame manufacturer	0		
614	NuVinci	Frame manufacturer	0		
615	Nymanbolagen	Frame manufacturer	0		
616	O-Stand	Frame manufacturer	0		
617	O2	Frame manufacturer	0		
618	ODI	Frame manufacturer	0		
619	Odyssey	Frame manufacturer	0		
620	Ohio Travel Bag	Frame manufacturer	0		
621	OnGuard	Frame manufacturer	1		
622	One Way	Frame manufacturer	0		
623	Opel	Frame manufacturer	0		
624	Optic Nerve	Frame manufacturer	0		
625	Optimus	Frame manufacturer	0		
626	Opus	Frame manufacturer	0		
627	Orange	Frame manufacturer	0		
628	Orange Seal	Frame manufacturer	0		
629	Orbea	Frame manufacturer	0		
630	Orbit	Frame manufacturer	0		
631	Orient Bikes	Frame manufacturer	0		
632	Origin-8	Frame manufacturer	0		
633	Ortlieb	Frame manufacturer	0		
634	Other	Frame manufacturer	0		
635	Oury	Frame manufacturer	0		
636	OutGo	Frame manufacturer	0		
637	Owl 360	Frame manufacturer	0		
638	Oyama	Frame manufacturer	0		
639	Ozone	Frame manufacturer	0		
640	PDW	Frame manufacturer	0		
641	POC	Frame manufacturer	0		
642	Pace Sportswear	Frame manufacturer	0		
643	Paceline Products	Frame manufacturer	0		
644	Pacific Cycle	Frame manufacturer	0		
645	PackTowl	Frame manufacturer	0		
646	Pake	Frame manufacturer	0		
647	Panaracer	Frame manufacturer	0		
648	Panasonic	Frame manufacturer	0		
649	Park	Frame manufacturer	0		
650	Parkpre	Frame manufacturer	0		
651	Parlee	Frame manufacturer	0		
652	Parlee Cycles	Frame manufacturer	0		
653	Pashley Cycles	Frame manufacturer	0		
654	Patria	Frame manufacturer	0		
655	Paul Component Engineering	Frame manufacturer	0		
656	Pearl Izumi	Frame manufacturer	0		
657	Pedco	Frame manufacturer	0		
658	Pedersen bicycle	Frame manufacturer	0		
659	Pedro's	Frame manufacturer	0		
660	Penguin Brands	Frame manufacturer	0		
661	Performance	Frame manufacturer	0		
662	Peugeot	Frame manufacturer	0		
663	Phat Cycles	Frame manufacturer	0		
664	Phil Wood	Frame manufacturer	0		
665	Philips	Frame manufacturer	0		
666	Phillips Cycles	Frame manufacturer	0		
667	Phoenix	Frame manufacturer	0		
668	Phorm	Frame manufacturer	0		
669	Pierce-Arrow	Frame manufacturer	0		
670	Pinarello	Frame manufacturer	0		
671	Pinhead	Frame manufacturer	0		
672	Pitlock	Frame manufacturer	1		
673	Pivot	Frame manufacturer	0		
674	Planet Bike	Frame manufacturer	0		
675	Planet X	Frame manufacturer	1		
676	Platypus	Frame manufacturer	0		
677	Pletscher	Frame manufacturer	0		
678	Po Campo	Frame manufacturer	0		
679	Pocket Bicycles	Frame manufacturer	0		
680	Pogliaghi	Frame manufacturer	1		
681	Polar	Frame manufacturer	0		
682	Polar Bottles	Frame manufacturer	0		
683	Polygon	Frame manufacturer	0		
684	Pope Manufacturing Company	Frame manufacturer	0		
685	Power Grips	Frame manufacturer	0		
686	PowerBar	Frame manufacturer	0		
687	PowerTap	Frame manufacturer	0		
688	Premier Motorcycles	Frame manufacturer	0		
689	Primal Wear	Frame manufacturer	0		
690	Primo	Frame manufacturer	0		
691	Princeton Tec	Frame manufacturer	0		
692	Principia	Frame manufacturer	0		
693	Private label	Frame manufacturer	0		
694	Pro-tec	Frame manufacturer	0		
695	ProBar	Frame manufacturer	0		
696	ProGold	Frame manufacturer	0		
697	Problem Solvers	Frame manufacturer	0		
698	Procycle Group	Frame manufacturer	0		
699	Profile Design	Frame manufacturer	0		
700	Profile Racing	Frame manufacturer	0		
701	Prologo	Frame manufacturer	0		
702	Promax	Frame manufacturer	0		
703	Prophete	Frame manufacturer	0		
704	Public	Frame manufacturer	0		
705	Puch	Frame manufacturer	0		
706	Pure Fix	Frame manufacturer	0		
707	Python	Frame manufacturer	0		
708	Q-Outdoor	Frame manufacturer	0		
709	Q-Tubes	Frame manufacturer	0		
710	QBP	Frame manufacturer	0		
711	QBP Kits	Frame manufacturer	0		
712	Quadrant Cycle Company	Frame manufacturer	0		
713	Quest	Frame manufacturer	0		
714	Quik Stik	Frame manufacturer	0		
715	Quintana Roo	Frame manufacturer	0		
716	R12	Frame manufacturer	0		
717	RIH	Frame manufacturer	0		
718	RPM	Frame manufacturer	0		
719	RRB (Rat Rod Bikes)	Frame manufacturer	0		
720	RST	Frame manufacturer	0		
721	RaceFace	Frame manufacturer	0		
722	Racktime	Frame manufacturer	0		
723	Radio Flyer	Frame manufacturer	0		
724	Raleigh	Frame manufacturer	0		
725	Ram	Frame manufacturer	0		
726	Rambler	Frame manufacturer	0		
727	Rans Designs	Frame manufacturer	0		
728	Rawland Cycles	Frame manufacturer	0		
729	Razor USA	Frame manufacturer	0		
730	ReTale	Frame manufacturer	0		
731	Redline	Frame manufacturer	1		
732	Redlof	Frame manufacturer	0		
733	Reflect Sports	Frame manufacturer	0		
734	Regina	Frame manufacturer	0		
735	Rema	Frame manufacturer	0		
736	Renthal	Frame manufacturer	0		
737	René Herse	Frame manufacturer	0		
738	Republic	Frame manufacturer	0		
739	Republic of China	Frame manufacturer	0		
740	Resist	Frame manufacturer	0		
741	Revelate Designs	Frame manufacturer	0		
742	Rhythm	Frame manufacturer	0		
743	Ribble	Frame manufacturer	0		
744	Ride2	Frame manufacturer	0		
745	Ridgeback	Frame manufacturer	0		
746	Ridley	Frame manufacturer	0		
747	Riese und Müller	Frame manufacturer	0		
748	Ritchey	Frame manufacturer	0		
749	Ritte	Frame manufacturer	0		
750	Rivendell Bicycle Works	Frame manufacturer	0		
751	Roadmaster	Frame manufacturer	0		
752	Roberts Cycles	Frame manufacturer	0		
753	Robin Hood	Frame manufacturer	0		
754	Rock-N-Roll	Frame manufacturer	0		
755	RockShox	Frame manufacturer	0		
756	Rocky Mountain Bicycles	Frame manufacturer	0		
757	Rocky Mounts	Frame manufacturer	0		
758	Rohloff	Frame manufacturer	0		
759	Rokform	Frame manufacturer	0		
760	Rola	Frame manufacturer	0		
761	Ross	Frame manufacturer	0		
762	Rossignol	Frame manufacturer	0		
763	Rossin	Frame manufacturer	0		
764	Rover Company	Frame manufacturer	0		
765	Rowbike	Frame manufacturer	0		
766	Rox	Frame manufacturer	0		
767	Royal	Frame manufacturer	0		
768	Royce Union 	Frame manufacturer	0		
769	Rudge-Whitworth	Frame manufacturer	0		
770	S and S	Frame manufacturer	1		
771	S&M Bikes	Frame manufacturer	0		
772	SCOTT Sports	Frame manufacturer	0		
773	SDG	Frame manufacturer	0		
774	SE Bikes	Frame manufacturer	0		
775	SKS	Frame manufacturer	0		
776	SLS3	Frame manufacturer	0		
777	SR Suntour	Frame manufacturer	0		
778	SRAM	Frame manufacturer	0		
779	SST	Frame manufacturer	0		
780	START	Frame manufacturer	0		
781	SWEAT GUTR	Frame manufacturer	0		
782	Salomon	Frame manufacturer	0		
783	Salsa	Frame manufacturer	0		
784	SaltStick	Frame manufacturer	0		
785	Samchuly	Frame manufacturer	0		
786	Sanderson	Frame manufacturer	0		
787	Santa Cruz	Frame manufacturer	0		
788	Santana Cycles	Frame manufacturer	0		
789	Saracen Cycles	Frame manufacturer	0		
790	Saris	Frame manufacturer	0		
791	Scania AB	Frame manufacturer	0		
792	Scattante	Frame manufacturer	0		
793	Schwalbe	Frame manufacturer	0		
794	Schwinn	Frame manufacturer	0		
795	Scotty	Frame manufacturer	0		
796	Seal Line	Frame manufacturer	0		
797	Sears Roebuck	Frame manufacturer	0		
798	Season	Frame manufacturer	0		
799	Seattle Sports Company	Frame manufacturer	0		
800	Sekine	Frame manufacturer	0		
801	Selle Italia	Frame manufacturer	0		
802	Selle Royal	Frame manufacturer	0		
803	Selle San Marco	Frame manufacturer	0		
804	Serotta	Frame manufacturer	1		
805	Seven Cycles	Frame manufacturer	0		
806	Shadow Conspiracy	Frame manufacturer	0		
807	Shelby Cycle Company	Frame manufacturer	0		
808	Sherpani	Frame manufacturer	0		
809	Shimano	Frame manufacturer	0		
810	Shinola	Frame manufacturer	0		
811	Shogun	Frame manufacturer	0		
812	Shredder	Frame manufacturer	0		
813	Sidi	Frame manufacturer	0		
814	Sierra Designs	Frame manufacturer	1		
815	Sigma	Frame manufacturer	0		
816	Silca	Frame manufacturer	0		
817	Simple Green	Frame manufacturer	0		
818	Simson	Frame manufacturer	0		
819	Sinclair Research	Frame manufacturer	1		
820	Singletrack Solutions	Frame manufacturer	0		
821	Sinz	Frame manufacturer	0		
822	SixSixOne	Frame manufacturer	0		
823	Skadi	Frame manufacturer	1		
824	Skinz	Frame manufacturer	0		
825	Skratch Labs	Frame manufacturer	0		
826	Skyway 	Frame manufacturer	0		
827	Slime	Frame manufacturer	0		
828	Smartwool	Frame manufacturer	0		
829	SockGuy	Frame manufacturer	0		
830	Sohrab Cycles	Frame manufacturer	0		
831	Sole	Frame manufacturer	0		
832	Solex	Frame manufacturer	0		
833	Solio	Frame manufacturer	0		
834	Solé Bicycle Co.	Frame manufacturer	0		
835	Soma	Frame manufacturer	0		
836	Somec	Frame manufacturer	0		
837	Source	Frame manufacturer	0		
838	Spalding Bicycles	Frame manufacturer	0		
839	Sparta B.V.	Frame manufacturer	0		
840	Specialized	Frame manufacturer	0		
841	Spectro Oil	Frame manufacturer	0		
842	Speedfil	Frame manufacturer	0		
843	Speedwell bicycles	Frame manufacturer	0		
844	Spenco	Frame manufacturer	0		
845	SpiderTech	Frame manufacturer	1		
846	Spike	Frame manufacturer	0		
847	Spinskins	Frame manufacturer	0		
848	Spooky	Frame manufacturer	0		
849	SportRack	Frame manufacturer	0		
850	Sportlegs	Frame manufacturer	0		
851	Sportourer	Frame manufacturer	0		
852	Spot	Frame manufacturer	0		
853	Sprintech	Frame manufacturer	0		
854	Squeal Out	Frame manufacturer	0		
855	Squire	Frame manufacturer	0		
856	St. Tropez	Frame manufacturer	0		
857	Staiger	Frame manufacturer	0		
858	Stan's No Tubes	Frame manufacturer	0		
859	Stanley	Frame manufacturer	0		
860	Star Motor Company	Frame manufacturer	0		
861	State Bicycle Co.	Frame manufacturer	0		
862	Steadyrack	Frame manufacturer	0		
863	Stein	Frame manufacturer	0		
864	Stein Trikes	Frame manufacturer	0		
865	Stelber Cycle Corp	Frame manufacturer	0		
866	Stella	Frame manufacturer	0		
867	Stem CAPtain	Frame manufacturer	0		
868	Sterling Bicycle Co.	Frame manufacturer	0		
869	Steve Potts	Frame manufacturer	0		
870	Stevens	Frame manufacturer	0		
871	Stoemper	Frame manufacturer	0		
872	Stolen Bicycle Co.	Frame manufacturer	0		
873	Stolen Bikes	Frame manufacturer	0		
874	Stolen Parts	Frame manufacturer	1		
875	Stop Flats 2	Frame manufacturer	0		
876	Strada Customs	Frame manufacturer	0		
877	Straitline	Frame manufacturer	0		
878	Strida	Frame manufacturer	0		
879	Strider Sports	Frame manufacturer	0		
880	Sturmey-Archer	Frame manufacturer	0		
881	Stålhästen	Frame manufacturer	0		
882	Subrosa	Frame manufacturer	0		
883	Suelo	Frame manufacturer	0		
884	Sugino	Frame manufacturer	0		
885	Sun	Frame manufacturer	0		
886	Sun Ringle	Frame manufacturer	0		
887	SunRace	Frame manufacturer	0		
888	Sunday	Frame manufacturer	1		
889	Sunn	Frame manufacturer	0		
890	Suomi	Frame manufacturer	0		
891	Superfeet	Frame manufacturer	0		
892	Supernova	Frame manufacturer	1		
893	Surly	Frame manufacturer	0		
894	Sutherlands	Frame manufacturer	0		
895	Suunto	Frame manufacturer	0		
896	Suzuki	Frame manufacturer	0		
897	Swix	Frame manufacturer	0		
898	Swobo	Frame manufacturer	0		
899	Syntace	Frame manufacturer	0		
900	T Mat Pro	Frame manufacturer	0		
901	TH Industries	Frame manufacturer	0		
902	TI Cycles of India	Frame manufacturer	0		
903	TRP	Frame manufacturer	0		
904	TYR	Frame manufacturer	0		
905	Tacx	Frame manufacturer	0		
906	Takara	Frame manufacturer	0		
907	Talisman	Frame manufacturer	0		
908	Tamer	Frame manufacturer	0		
909	Tange-Seiki	Frame manufacturer	0		
910	Tangent Products	Frame manufacturer	0		
911	Tec Labs	Frame manufacturer	0		
912	Tektro	Frame manufacturer	0		
913	Tern	Frame manufacturer	0		
914	Terrot	Frame manufacturer	0		
915	Terry	Frame manufacturer	0		
916	The Arthur Pequegnat Clock Company clock-company	Frame manufacturer	0		
917	The Bicycle Forge	Frame manufacturer	0		
918	The Hive	Frame manufacturer	1		
919	Thinksport	Frame manufacturer	0		
920	Thomas Motor Company	Frame manufacturer	0		
921	Thomson	Frame manufacturer	1		
922	Thorn Cycles	Frame manufacturer	0		
923	Thule	Frame manufacturer	0		
924	Ti Cycles	Frame manufacturer	0		
925	Tigr	Frame manufacturer	0		
926	Timbuk2	Frame manufacturer	0		
927	Time	Frame manufacturer	0		
928	Timex	Frame manufacturer	0		
929	Tioga	Frame manufacturer	0		
930	Titan	Frame manufacturer	0		
931	Titus	Frame manufacturer	0		
932	Toko	Frame manufacturer	0		
933	Tommaso	Frame manufacturer	0		
934	Topeak	Frame manufacturer	0		
935	TorHans	Frame manufacturer	0		
936	Torker	Frame manufacturer	0		
937	Transition Bikes	Frame manufacturer	0		
938	Tranz-X	Frame manufacturer	0		
939	Tree	Frame manufacturer	0		
940	Trek	Frame manufacturer	2		
941	Tressostar	Frame manufacturer	0		
942	TriFlow	Frame manufacturer	1		
943	TriSlide	Frame manufacturer	0		
944	TriSwim	Frame manufacturer	0		
945	Trigger Point	Frame manufacturer	0		
946	Trik Topz	Frame manufacturer	0		
947	Triumph Cycle	Frame manufacturer	0		
948	TruVativ	Frame manufacturer	0		
949	Tubasti	Frame manufacturer	0		
950	Tufo	Frame manufacturer	0		
951	Tunturi	Frame manufacturer	0		
952	Turner Suspension Bicycles	Frame manufacturer	0		
953	Twin Six	Frame manufacturer	0		
954	TwoFish	Frame manufacturer	0		
955	UCLEAR	Frame manufacturer	0		
956	UCO	Frame manufacturer	0		
957	Uline	Frame manufacturer	0		
958	Ultimate Survival Technologies technologies	Frame manufacturer	0		
959	UltraPaws	Frame manufacturer	0		
960	Umberto Dei	Frame manufacturer	0		
961	Unior	Frame manufacturer	0		
962	Univega	Frame manufacturer	0		
963	Unknown	Frame manufacturer	0		
964	Urago	Frame manufacturer	0		
965	Utopia	Frame manufacturer	0		
966	VP Components	Frame manufacturer	0		
967	Valdora	Frame manufacturer	0		
968	Van Herwerden	Frame manufacturer	0		
969	Vargo	Frame manufacturer	0		
970	Various Manufacturers	Frame manufacturer	0		
971	Vassago	Frame manufacturer	0		
972	Vee Rubber	Frame manufacturer	0		
973	Velo	Frame manufacturer	0		
974	Velo Orange	Frame manufacturer	0		
975	Velo Press	Frame manufacturer	0		
976	Velo Vie	Frame manufacturer	0		
977	Velocity	Frame manufacturer	0		
978	Velomotors	Frame manufacturer	0		
979	Velorbis	Frame manufacturer	0		
980	Velox	Frame manufacturer	0		
981	Verde	Frame manufacturer	0		
982	Versa	Frame manufacturer	0		
983	Vilano	Frame manufacturer	1		
984	Villy Customs	Frame manufacturer	0		
985	Vincero Design	Frame manufacturer	0		
986	Vindec High Riser	Frame manufacturer	0		
987	Virtue	Frame manufacturer	0		
988	Viscount	Frame manufacturer	0		
989	Vision	Frame manufacturer	0		
990	Vittoria	Frame manufacturer	0		
991	Vitus	Frame manufacturer	1		
992	Volagi	Frame manufacturer	0		
993	Volume	Frame manufacturer	0		
994	Volume Bikes	Frame manufacturer	0		
995	Voodoo	Frame manufacturer	0		
996	Vortrieb	Frame manufacturer	1		
997	VéloSoleX	Frame manufacturer	0		
998	WD-40 Bike	Frame manufacturer	0		
999	WTB	Frame manufacturer	0		
1000	Wabi Cycles	Frame manufacturer	0		
1001	Wahoo Fitness	Frame manufacturer	0		
1002	Wald	Frame manufacturer	0		
1003	Walking Bird	Frame manufacturer	0		
1004	Waterford Precision Cycles	Frame manufacturer	0		
1005	WeThePeople	Frame manufacturer	0		
1006	WeeRide	Frame manufacturer	0		
1007	Wellgo	Frame manufacturer	0		
1008	Wheels Manufacturing	Frame manufacturer	0		
1009	Wheelsmith	Frame manufacturer	0		
1010	Where to Bike	Frame manufacturer	0		
1011	Whisky Parts Co	Frame manufacturer	0		
1012	Whispbar	Frame manufacturer	0		
1013	White Bros	Frame manufacturer	0		
1014	White Lightning	Frame manufacturer	0		
1015	Wigwam	Frame manufacturer	0		
1016	Wilderness Trail Bikes	Frame manufacturer	0		
1017	Wilier Triestina	Frame manufacturer	0		
1018	Williams	Frame manufacturer	0		
1019	Willworx	Frame manufacturer	0		
1020	Win	Frame manufacturer	0		
1021	Windsor	Frame manufacturer	0		
1022	Winora	Frame manufacturer	0		
1023	Winter Bicycles	Frame manufacturer	0		
1024	Wippermann	Frame manufacturer	0		
1025	Witcomb Cycles	Frame manufacturer	0		
1026	Witz	Frame manufacturer	0		
1027	Wooden Bike Coffee	Frame manufacturer	0		
1028	WorkCycles	Frame manufacturer	0		
1029	Worksman Cycles	Frame manufacturer	0		
1030	World Bicycle Relief	Frame manufacturer	0		
1031	World Jerseys	Frame manufacturer	0		
1032	Wright Cycle Company	Frame manufacturer	0		
1033	X-Fusion	Frame manufacturer	0		
1034	X-Lab	Frame manufacturer	0		
1035	X-Treme	Frame manufacturer	0		
1036	Xootr	Frame manufacturer	0		
1037	Xpedo	Frame manufacturer	0		
1038	Xtracycle	Frame manufacturer	0		
1039	YST	Frame manufacturer	0		
1040	Yakima	Frame manufacturer	0		
1041	Yaktrax	Frame manufacturer	1		
1042	Yamaguchi Bicycles	Frame manufacturer	0		
1043	Yamaha	Frame manufacturer	0		
1044	Yankz	Frame manufacturer	0		
1045	Yeti	Frame manufacturer	0		
1046	Yuba	Frame manufacturer	0		
1047	Yurbuds	Frame manufacturer	0		
1048	Zensah	Frame manufacturer	0		
1049	Zigo	Frame manufacturer	0		
1050	Zipp Speed Weaponry	Frame manufacturer	0		
1051	Zoic	Frame manufacturer	0		
1052	Zoom	Frame manufacturer	0		
1053	Zoot	Frame manufacturer	1		
1054	b'Twin	Frame manufacturer	0		
1055	e*thirteen by The Hive	Frame manufacturer	0		
1056	eGear	Frame manufacturer	0		
1057	elete	Frame manufacturer	0		
1058	epicRIDES	Frame manufacturer	0		
1059	name	Frame manufacturer	0		
1060	nuun	Frame manufacturer	0		
1061	sixthreezero	Frame manufacturer	0		
